item,qty,spec,supplier,unit_cost_usd,make_buy,notes
1 Hardened cone,2,"20 mm base diameter, 60 degree point, hardened tool steel, threaded to the 16 mm rod (ASTM D6951 geometry); one spare",Local machine shop,6.00,make,Indicative price; replace when worn
2 Lower drive rod,1,"16 mm steel rod (hardened or 4140 class), 1,000 mm, threaded both ends, engraved every 10 mm",Local machine shop,25.00,make,Indicative price; engraving is a manual backup scale
3 Anvil and coupler,1,"Steel, about 64 mm diameter x 60 mm, threaded bores for upper and lower rods, pocket for the blow sensor pad",Local machine shop,20.00,make,Indicative price
4 Drop hammer,1,"8.0 kg steel, about 100 mm OD x 22 mm bore x 136 mm, magnet ring set in the lower face",Local machine shop or steel stockist,50.00,make,Indicative price; mass must be trimmed to 8.0 kg
5 Upper rod (hammer guide),1,"16 mm steel rod, about 750 mm, giving a 575 mm free drop",Local machine shop,18.00,make,Indicative price
6 Handle and top stop,1,"T-handle about 260 mm wide with a stop collar that fixes the drop height",Local machine shop,12.00,make,Indicative price
7 Reference plate,1,"300 x 300 x 8 mm aluminum plate with a 60 mm center hole and a slot to lift off around the rod",Metal stockist,28.00,make,Indicative price
8 Draw-wire depth sensor,1,"Spring reel of about 60 mm drum diameter, about 1,000 mm of coated steel wire, 12-bit magnetic angle sensor, printed IP65 housing",Electronics distributor plus local print,25.00,make,Indicative price; bought industrial draw-wire sensor is the fallback at higher cost
9 Anvil clamp and wire arm,1,"Split collar for the 16 mm rod with an arm about 110 mm long and a wire eye",Local machine shop,8.00,make,Indicative price
10 Hall-effect blow sensor,1,"Hall-effect switch potted in a pad on the anvil, with the hammer magnet ring",Electronics distributor,8.00,buy,Indicative price; shock survival unverified
11 BLE logger,1,"BLE microcontroller module, flash storage, button, LED, three AA cell holder, IP65 box with glands",Electronics distributor,35.00,buy,Indicative price; cells not included
12 Coiled sensor cable,1,"Coiled 4-core cable about 1.2 m extended, with strain reliefs and an IP65 connector",Electronics distributor,10.00,buy,Indicative price
13 Carry bag,1,"Padded bag for rods, hammer assembly and plate, packed length about 1.1 m",Outdoor or tool supplier,30.00,buy,Indicative price; no exploded-view callout
14 Hardware and consumables,1,"Thread locker, fasteners, cone cover, cable ties, spare magnet",Local hardware shop,15.00,buy,Indicative price; no exploded-view callout
